Modelo_comparado,ΔP,ΔR,ΔP/ΔR
Mistral,0.1917835647199857,-0.43989778780884997,-0.43597301472068767
LLAMA,0.06940824451394562,-0.3824674627147846,-0.18147489990725055
