Modelo_comparado,ΔP,ΔR,ΔP/ΔR
Mistral,0.2098747221398377,-0.5119418488635379,-0.4099581282634729
LLAMA,0.21800424020993042,-0.5488186587059948,-0.3972245417529008
