TP_exact,TP_partial,FP,FN,Precision,Recall,F1,F2,Avg_Norm_Levenshtein
730,310,1273,1095,0.44963251188932124,0.48711943793911006,0.4676258992805755,0.4791301944162904,0.6469511223543476
