TP_exact,TP_partial,FP,FN,Precision,Recall,F1,F2,Avg_Norm_Levenshtein
1484,561,5886,161,0.25784894716933554,0.9270172257479601,0.40347242773996256,0.6102655923604894,0.5505857531258604
