TP_exact,TP_partial,FP,FN,Precision,Recall,F1,F2,Avg_Norm_Levenshtein
740,409,2362,961,0.3272571916832811,0.5445497630331754,0.40882405265966915,0.4807129110534683,0.6756372668353108
