TP_exact,TP_partial,FP,FN,Precision,Recall,F1,F2,Avg_Norm_Levenshtein
389,350,814,1215,0.47585318737926596,0.3781985670419652,0.42144282862845733,0.3943857402070658,0.7079230598593957
