TP_exact,TP_partial,FP,FN,Precision,Recall,F1,F2,Avg_Norm_Levenshtein
475,351,940,1164,0.46772366930917325,0.4150753768844221,0.4398296059637912,0.42463499897182805,0.6948025807125856
